{
  "genre": "Donuts",
  "pawnTiers": [
    {
      "pawnName": "Glazuur Donut",
      "pawnType": "Glazed",
      "unlockRequirements": []
    },
    {
      "pawnName": "Chocolade Donut",
      "pawnType": "Chocolate",
      "unlockRequirements": [
        {
          "unlockId": 100,
          "requirementName": "Eet 10 voedingswaren.",
          "goal": 10
        }
      ]
    },
    {
      "pawnName": "Roze Donut",
      "pawnType": "Pink",
      "unlockRequirements": [
        {
          "unlockId": 10,
          "requirementName": "Ga 5 keer sporten/wandelen.",
          "goal": 5
        }
      ]
    }
  ]
}
