{
  "genre": "Donuts",
  "pawnTiers": [
    {
      "pawnType": "Glazed",
      "unlockRequirements": [
        {
          "unlockId": 1404,
          "requirementName": "Speel één potje SugarVita",
          "goal": 1
        }
      ]
    },
    {
      "pawnType": "Chocolate",
      "unlockRequirements": [
        {
          "unlockId": 100,
          "requirementName": "Eet 50 voedingswaren.",
          "goal": 50
        }
      ]
    },
    {
      "pawnType": "Pink",
      "unlockRequirements": [
        {
          "unlockId": 10,
          "requirementName": "Ga 20 keer sporten.",
          "goal": 20
        }
      ]
    }
  ]
}
