{
  "genre": "Fries",
  "pawnTiers": [
    {
      "pawnName": "Frietjes",
      "pawnType": "NormalFries",
      "unlockRequirements": []
    },
    {
      "pawnName": "Friet met cola",
      "pawnType": "FriesCoke",
      "unlockRequirements": [
        {
          //"unlockId": 208,
          //"requirementName": "Eet 10 snacks.",
          //"goal": 10
        }
      ]
    },
    {
      "pawnName": "Friet, cola en hamburger",
      "pawnType": "FriesCokeHamburger",
      "unlockRequirements": [
        {
          //"unlockId": 208,
          //"requirementName": "Eet 10 snacks.",
          //"goal": 10
        }
      ]
    }
  ]
}
