{
  "genre": "Animals",
  "pawnTiers": [
    {
      "pawnType": "Rat",
      "unlockRequirements": [
        {
          "unlockId": 1200,
          "requirementName": "Log in met een GameBus account",
          "goal": 1
        }
      ]
    },
    {
      "pawnType": "Herring",
      "unlockRequirements": [
        {
          "unlockId": 1201,
          "requirementName": "Sla een gespeeld potje SugarVita op",
          "goal": 1
        }
      ]
    },
    {
      "pawnType": "Taipan",
      "unlockRequirements": [
        {
          "unlockId": 1401,
          "requirementName": "Speel tegen een computer tegenstander",
          "goal": 1
        }
      ]
    }
  ]
}
