{
  "genre": "Grapes",
  "pawnTiers": [
    {
      "pawnName": "Groene Druiven",
      "pawnType": "GreenGrape"
    },
    {
      "pawnName": "Rode Druiven",
      "pawnType": "RedGrape",
      "unlockRequirements": [
        {
          "unlockId": 201,
          "requirementName": "Eet 5 stukken fruit",
          "goal": 5
        }
      ]
    },
    {
      "pawnName": "Blauwe Druiven",
      "pawnType": "BlueGrape",
      "unlockRequirements": [
        {
          "unlockId": "1305",
          "requirementName": "Behaal een tijd binnen bereik (TIR) van meer dan 70% in 5 potjes",
          "goal": 5
        }
      ]
    }
  ]
}
