{
  "genre": "Grapes",
  "pawnTiers": [
    {
      "pawnName": "Groene Druiven",
      "pawnType": "GreenGrapes"
    },
    {
      "pawnName": "Rode Druiven",
      "pawnType": "RedGrapes",
      "unlockRequirements": [
        {
          "unlockId": 201,
          "requirementName": "Eet 10 stukken fruit",
          "goal": 10
        }
      ]
    },
    {
      "pawnName": "Blauwe Druiven",
      "pawnType": "BlueGrapes",
      "unlockRequirements": [
        {
          "unlockId": 1305,
          "requirementName": "Behaal een tijd binnen doelbereik (TIR) van minimaal 70% in 5 potjes",
          "goal": 5
        }
      ]
    }
  ]
}
