{
  "genre": "Space",
  "pawnTiers": [
    {
      "pawnName": "Aarde",
      "pawnType": "Earth",
      "unlockRequirements": []
    },
    {
      "pawnName": "Mars",
      "pawnType": "Mars",
      "unlockRequirements": [
        {
          "unlockId": 1600,
          "requirementName": "Beantwoord 5 willekeurige vragen correct tijdens het spelen.",
          "goal": 5
        }
      ]
    },
    {
      "pawnName": "Saturnus",
      "pawnType": "Saturn",
      "unlockRequirements": [
        {
          "unlockId": 1601,
          "requirementName": "Beantwoord alle vragen correct tijdens een potje SugarVita (3x).",
          "goal": 3
        }
      ]
    }
  ]
}
